{"B1855+09_red_noise_gamma": 4.387212974098091, "B1855+09_red_noise_log10_A": -14.073465314104974, "B1937+21_red_noise_gamma": 3.3844880561096535, "B1937+21_red_noise_log10_A": -13.480174611457278, "B1953+29_red_noise_gamma": 2.1754308950816594, "B1953+29_red_noise_log10_A": -12.92158332118073, "J0023+0923_red_noise_gamma": 0.3378897633033173, "J0023+0923_red_noise_log10_A": -13.031479371557994, "J0030+0451_red_noise_gamma": 6.37621174759614, "J0030+0451_red_noise_log10_A": -15.134919446820618, "J0340+4130_red_noise_gamma": 0.6799604988681494, "J0340+4130_red_noise_log10_A": -18.615016841515097, "J0613-0200_red_noise_gamma": 1.1753945863154762, "J0613-0200_red_noise_log10_A": -13.23215253425804, "J0636+5128_red_noise_gamma": 2.9071204303918994, "J0636+5128_red_noise_log10_A": -15.282619039278902, "J0645+5158_red_noise_gamma": 6.742014704481432, "J0645+5158_red_noise_log10_A": -19.51692545978401, "J0740+6620_red_noise_gamma": 4.581086521493209, "J0740+6620_red_noise_log10_A": -17.40475195281451, "J0931-1902_red_noise_gamma": 2.839682221415051, "J0931-1902_red_noise_log10_A": -15.694007486928555, "J1012+5307_red_noise_gamma": 0.9906518068837453, "J1012+5307_red_noise_log10_A": -12.745882413751561, "J1024-0719_red_noise_gamma": 0.7651728587260492, "J1024-0719_red_noise_log10_A": -15.220141208061628, "J1125+7819_red_noise_gamma": 1.0485956601135646, "J1125+7819_red_noise_log10_A": -18.321226052010065, "J1453+1902_red_noise_gamma": 4.740818574363441, "J1453+1902_red_noise_log10_A": -15.861920032231996, "J1455-3330_red_noise_gamma": 3.1122983849039, "J1455-3330_red_noise_log10_A": -15.940519197938146, "J1600-3053_red_noise_gamma": 0.015489585774051835, "J1600-3053_red_noise_log10_A": -13.50519900199761, "J1614-2230_red_noise_gamma": 5.457508458965176, "J1614-2230_red_noise_log10_A": -15.806729235869778, "J1640+2224_red_noise_gamma": 4.11322961186534, "J1640+2224_red_noise_log10_A": -15.598705223363968, "J1643-1224_red_noise_gamma": 1.4233668778439283, "J1643-1224_red_noise_log10_A": -12.281135311092516, "J1713+0747_red_noise_gamma": 0.30772983255115127, "J1713+0747_red_noise_log10_A": -13.961806825499385, "J1738+0333_red_noise_gamma": 6.534719017760799, "J1738+0333_red_noise_log10_A": -19.772983715994403, "J1741+1351_red_noise_gamma": 0.8684741601407997, "J1741+1351_red_noise_log10_A": -17.19127456699849, "J1744-1134_red_noise_gamma": 0.6025286989621412, "J1744-1134_red_noise_log10_A": -13.259741441217594, "J1747-4036_red_noise_gamma": 2.8489835725518957, "J1747-4036_red_noise_log10_A": -12.564060521758321, "J1832-0836_red_noise_gamma": 1.230873531389457, "J1832-0836_red_noise_log10_A": -13.458964133548134, "J1853+1303_red_noise_gamma": 1.537283688532237, "J1853+1303_red_noise_log10_A": -13.26026039576818, "J1903+0327_red_noise_gamma": 1.4169306893103952, "J1903+0327_red_noise_log10_A": -12.193066366659822, "J1909-3744_red_noise_gamma": 0.012976311654193173, "J1909-3744_red_noise_log10_A": -14.088631348171788, "J1910+1256_red_noise_gamma": 6.712524006985987, "J1910+1256_red_noise_log10_A": -18.32040895961025, "J1911+1347_red_noise_gamma": 3.882823304084048, "J1911+1347_red_noise_log10_A": -13.98942916718015, "J1918-0642_red_noise_gamma": 1.0765170445668526, "J1918-0642_red_noise_log10_A": -13.495648763203253, "J1923+2515_red_noise_gamma": 2.974696980809681, "J1923+2515_red_noise_log10_A": -18.303018987192775, "J1944+0907_red_noise_gamma": 3.4469771664110165, "J1944+0907_red_noise_log10_A": -18.927241112382077, "J2010-1323_red_noise_gamma": 3.891761607359052, "J2010-1323_red_noise_log10_A": -14.875584696465117, "J2017+0603_red_noise_gamma": 4.8702000323291035, "J2017+0603_red_noise_log10_A": -17.621671197420728, "J2033+1734_red_noise_gamma": 5.036469712077055, "J2033+1734_red_noise_log10_A": -17.479244017029636, "J2043+1711_red_noise_gamma": 4.597852610032101, "J2043+1711_red_noise_log10_A": -14.621478184883092, "J2145-0750_red_noise_gamma": 1.5658758776268977, "J2145-0750_red_noise_log10_A": -12.95769636812475, "J2214+3000_red_noise_gamma": 6.036426491218619, "J2214+3000_red_noise_log10_A": -19.385309169064698, "J2229+2643_red_noise_gamma": 2.862540714195822, "J2229+2643_red_noise_log10_A": -16.86579703240722, "J2234+0611_red_noise_gamma": 5.385987921033725, "J2234+0611_red_noise_log10_A": -14.116395617279204, "J2234+0944_red_noise_gamma": 1.8215177844198263, "J2234+0944_red_noise_log10_A": -19.040502345794664, "J2302+4442_red_noise_gamma": 4.476289988261176, "J2302+4442_red_noise_log10_A": -18.37284394847199, "J2317+1439_red_noise_gamma": 4.084799995348624, "J2317+1439_red_noise_log10_A": -18.605834202778457, "gw_log10_A": -14.78361797461833}