{"B1855+09_red_noise_gamma": 4.224432277773451, "B1855+09_red_noise_log10_A": -14.026859529859838, "B1937+21_red_noise_gamma": 3.3273013548479278, "B1937+21_red_noise_log10_A": -13.458692213233256, "B1953+29_red_noise_gamma": 2.4051451731969227, "B1953+29_red_noise_log10_A": -12.900059054748084, "J0023+0923_red_noise_gamma": 0.5133967192519456, "J0023+0923_red_noise_log10_A": -13.11829395032545, "J0030+0451_red_noise_gamma": 4.887637868298646, "J0030+0451_red_noise_log10_A": -15.075984966334762, "J0340+4130_red_noise_gamma": 3.220572098931124, "J0340+4130_red_noise_log10_A": -16.883662028618097, "J0613-0200_red_noise_gamma": 2.161130984774457, "J0613-0200_red_noise_log10_A": -14.460265936077192, "J0636+5128_red_noise_gamma": 3.276487978392556, "J0636+5128_red_noise_log10_A": -16.8110210643824, "J0645+5158_red_noise_gamma": 3.1763332248452745, "J0645+5158_red_noise_log10_A": -17.05062332706589, "J0740+6620_red_noise_gamma": 3.2905178407510256, "J0740+6620_red_noise_log10_A": -16.775388528988938, "J0931-1902_red_noise_gamma": 3.305476865197826, "J0931-1902_red_noise_log10_A": -16.744763224139778, "J1012+5307_red_noise_gamma": 1.2290897869417379, "J1012+5307_red_noise_log10_A": -12.789988423494023, "J1024-0719_red_noise_gamma": 3.094004163787305, "J1024-0719_red_noise_log10_A": -16.34803299500561, "J1125+7819_red_noise_gamma": 2.757981488971925, "J1125+7819_red_noise_log10_A": -15.757221684514676, "J1453+1902_red_noise_gamma": 3.2796928129311578, "J1453+1902_red_noise_log10_A": -16.639286822808064, "J1455-3330_red_noise_gamma": 3.038819701944576, "J1455-3330_red_noise_log10_A": -16.919637201044104, "J1600-3053_red_noise_gamma": 0.6133003336768336, "J1600-3053_red_noise_log10_A": -13.540227263558604, "J1614-2230_red_noise_gamma": 3.1189704159345744, "J1614-2230_red_noise_log10_A": -17.20306949875521, "J1640+2224_red_noise_gamma": 3.1038195994627555, "J1640+2224_red_noise_log10_A": -17.193819913377432, "J1643-1224_red_noise_gamma": 1.2380546693088201, "J1643-1224_red_noise_log10_A": -12.259095362588369, "J1713+0747_red_noise_gamma": 0.883264973882438, "J1713+0747_red_noise_log10_A": -14.023595127246786, "J1738+0333_red_noise_gamma": 3.162970622420418, "J1738+0333_red_noise_log10_A": -17.06423130722001, "J1741+1351_red_noise_gamma": 2.9571978951036817, "J1741+1351_red_noise_log10_A": -16.884124361806947, "J1744-1134_red_noise_gamma": 2.4479694501666254, "J1744-1134_red_noise_log10_A": -13.623073631315934, "J1747-4036_red_noise_gamma": 3.643447389270268, "J1747-4036_red_noise_log10_A": -12.662034237527367, "J1832-0836_red_noise_gamma": 2.8465886266845213, "J1832-0836_red_noise_log10_A": -15.917478130317877, "J1853+1303_red_noise_gamma": 1.8881268864067113, "J1853+1303_red_noise_log10_A": -13.286022380511044, "J1903+0327_red_noise_gamma": 1.5914165287039634, "J1903+0327_red_noise_log10_A": -12.237783754686157, "J1909-3744_red_noise_gamma": 1.7277252311833111, "J1909-3744_red_noise_log10_A": -15.084144227547345, "J1910+1256_red_noise_gamma": 3.24989438653503, "J1910+1256_red_noise_log10_A": -16.701320835488232, "J1911+1347_red_noise_gamma": 2.676862871515226, "J1911+1347_red_noise_log10_A": -13.90833745434778, "J1918-0642_red_noise_gamma": 2.6797416021867866, "J1918-0642_red_noise_log10_A": -16.383547104558986, "J1923+2515_red_noise_gamma": 3.059182232095881, "J1923+2515_red_noise_log10_A": -16.777018854958083, "J1944+0907_red_noise_gamma": 3.0637465438898115, "J1944+0907_red_noise_log10_A": -16.51361884389132, "J2010-1323_red_noise_gamma": 3.097173544811295, "J2010-1323_red_noise_log10_A": -17.08531687468573, "J2017+0603_red_noise_gamma": 3.243713312237559, "J2017+0603_red_noise_log10_A": -17.004126295899127, "J2033+1734_red_noise_gamma": 3.1111144572450926, "J2033+1734_red_noise_log10_A": -16.522613604648708, "J2043+1711_red_noise_gamma": 2.9416412421396476, "J2043+1711_red_noise_log10_A": -16.393103648164303, "J2145-0750_red_noise_gamma": 1.5846443928937295, "J2145-0750_red_noise_log10_A": -12.917873839367962, "J2214+3000_red_noise_gamma": 3.194602891695813, "J2214+3000_red_noise_log10_A": -16.86865590545556, "J2229+2643_red_noise_gamma": 3.2332041147482786, "J2229+2643_red_noise_log10_A": -16.914694422221785, "J2234+0611_red_noise_gamma": 3.436859864811656, "J2234+0611_red_noise_log10_A": -13.666765932341352, "J2234+0944_red_noise_gamma": 3.3008113859218, "J2234+0944_red_noise_log10_A": -16.80352702437432, "J2302+4442_red_noise_gamma": 3.2318833109374814, "J2302+4442_red_noise_log10_A": -16.67584559542162, "J2317+1439_red_noise_gamma": 3.204115938097347, "J2317+1439_red_noise_log10_A": -17.083486673104165, "gw_log10_A": -14.715623833437192}